lcs,brand_name_1,brand_name_2,brand_name_3,brand_name_4,brand_name_5,brand_name_6,brand_name_7,brand_name_8,brand_name_9,brand_name_10,brand_name_11,brand_name_12
adidas,愛迪達 adidas,adidas 愛迪達,adidas
MENTHOLATUM,MENTHOLATUM 曼秀雷敦,曼秀雷敦 MENTHOLATUM
國際牌P,國際牌 Panasonic,國際牌 PANASONIC
Panasonic,國際牌 Panasonic,Panasonic
anasonic,國際牌 Panasonic,Panasonic,國際牌 panasonic
BALANCE,NEW BALANCE,B BALANCE
osmetics,vt cosmetics,vt cosmetics X BT21,essence cosmetics 艾森絲,theBalm Cosmetics,Bomb Cosmetics,First Cosmetics Works de第一化粧品
cosmetics,essence cosmetics 艾森絲,vt cosmetics,vt cosmetics X BT21
Cellina,雪芙蘭 Cellina,Cellina 雪芙蘭
Bioré,MEN'S Bioré,Bioré,蜜妮 Bioré
LION獅王,LION獅王,LION 獅王
KISSME,KISSME 奇士美,KISSME
特福Tefal,特福 Tefal,法國特福 Tefal
KOSE高絲,KOSE 高絲-專櫃,KOSE 高絲
ME蘭蔻,LANCOME 蘭蔻,LANCÔME 蘭蔻
eHouse,Etude House,Bonnie House 植享家
理膚寶水,LA ROCHE POSAY 理膚寶水,理膚寶水
統一瑞穗,統一瑞穗,統一瑞穗極制
飛利浦P,飛利浦 Philips,飛利浦 PHILIPS
SHISEIDO資生堂,SHISEIDO 資生堂東京櫃,SHISEIDO 資生堂,SHISEIDO 資生堂國際櫃
SHISEIDO,資生堂 SHISEIDO,SHISEIDO 資生堂,SHISEIDO 資生堂東京櫃,SHISEIDO MEN,SHISEIDO 資生堂國際櫃
huuemura,shu uemura 植村秀,植村秀 shu uemura,植村秀 Shu uemura
MISSHA,MISSHAN 韓秀姬,MISSHA
無印良品,無印良品 MUJI,無印良品,MUJI 無印良品
ITACHI,日立 HITACHI,日立 ITACHI
獅王LION,獅王 LION,獅王LION
L'OCCITANE,歐舒丹 L'OCCITANE,L'OCCITANE 歐舒丹
台塑生醫,台塑生醫Dr's Formula,台塑生醫,台塑生醫FORTE,台塑生醫 醫之方,台塑生醫 Dr’s Formula,Dr's Formula 台塑生醫
sFormula,台塑生醫Dr's Formula,Dr‘s Formula,台塑生醫 Dr’s Formula,Dr's Formula 台塑生醫
統一AB,統一 AB,統一AB
Beauty,J.CatBeauty,BeautyEasy,My Beauty Diary 我的美麗日記,Beauty Buffet 天天美麗,BeautyMaker,Pure Beauty,BeautyDisplay,Mandom Beauty,Pink by Pure Beauty,Beauty,Bella Beauty
ne雅漾,Avène 雅漾,Avene 雅漾
石頭科技,石頭科技 Roborock,石頭科技
TESCOM,TESCOMA,TESCOM
貝膚黛瑪,Bioderma 貝膚黛瑪,BIODERMA 貝膚黛瑪
Sebamed,施巴Sebamed,Sebamed 施巴,施巴 Sebamed
THEBODY,ON THE BODY,THE BODY SHOP
Kanebo佳麗寶,Kanebo 佳麗寶,Kanebo 佳麗寶-開架式
HydroBalance,水平衡 Hydro Balance,Hydro Balance 水平衡
alance,博朗氏 Balance,Natural balance,水平衡 Hydro Balance,Hydro Balance 水平衡
Balance,水平衡 Hydro Balance,Natural Balance,博朗氏 Balance,Hydro Balance 水平衡
MIZUNO,美津農 MIZUNO,美津濃 MIZUNO
艾瑪花園,艾瑪花園,Amma Garden 艾瑪花園,艾瑪花園 Amma garden
garden,澳維花園 Ausgarden,艾瑪花園 Amma garden
Persil,寶瀅Persil,Persil
BOTANI,BOTANICAL ESTHE,BOTANIST
上山採藥,tsaio 上山採藥,上山採藥,上山採藥 tsaio
伊萊克斯,伊萊克斯,伊萊克斯 Electrolux
ALFRESH,PETAL FRESH 沛特斯,自然鮮 NATURAL FRESH
Biothe,Biotherm 碧兒泉,Skin Biotheory
ARMANI亞曼尼,GIORGIO ARMANI 亞曼尼,ARMANI 亞曼尼
GIORGIOARMANI,GIORGIO ARMANI,GIORGIO ARMANI 亞曼尼
優格TOMA-PRO,優格TOMA-PRO,優格 TOMA-PRO
TOMA-PRO,優格TOMA-PRO,優格 TOMA-PRO
oocoolforschool,too cool for school,Too cool for school
ocodor,cocodor,Cocodor
三洋SANLUX,台灣三洋 SANLUX,三洋 SANLUX
onster,Blackmonster,魔爪 Monster Energy
Simple,心僕鮮食 Simple Sense],Simple 清妍,興波咖啡 Simple Kaffa,Simple Life
hirlpool,惠而浦 whirlpool,惠而浦 Whirlpool
ABSOLUTE,超越巔峰 ABSOLUTE HOLISTIC,ABSOLUTE NEW YORK 絕色紐約
EAU耀,EAU 耀,EAU耀
施巴Sebamed,施巴Sebamed,施巴 Sebamed
Lenovo,聯想 Lenovo,Lenovo 聯想
Farcent,Farcent,花仙子 Farcent
shuuemura,shu uemura 植村秀,植村秀 shu uemura
德國達麗,德國達麗Dalli,德國達麗 dalli
Dr.Hsieh達特醫,Dr.Hsieh達特醫,Dr.Hsieh 達特醫
Dr.Hsieh,Dr.Hsieh,Dr.Hsieh達特醫,Dr.Hsieh 達特醫
Dr.H,哈維博士 Dr.Harvey,Dr.Hows,Dr.Hsieh 達特醫,Dr.HUANG 黃禎憲,Dr.Hsieh,Dr.Hsieh達特醫
ForBelovedOne寵愛之名,ForBelovedOne寵愛之名,ForBelovedOne 寵愛之名
ForBelovedOne,ForBelovedOne寵愛之名,ForBelovedOne 寵愛之名
Beloved,ForBelovedOne 寵愛之名,ForBelovedOne寵愛之名,Beloved&Co
Johnson's,嬌生 Johnson's,Johnson's 嬌生
NorthF,North Field,The North Face
PERFECT,完美日記 PERFECT DIARY,EMO PERFECT,理想 PERFECT
lormar,Flormar,pretty by flormar
SmartHeart,慧心 SmartHeart,慧心貓糧 SmartHeart
巴黎萊雅,L'Oréal Paris 巴黎萊雅,巴黎萊雅 L'OREAL PARIS
CeraVe適樂膚,CeraVe適樂膚,CeraVe 適樂膚
CeraVe,CeraVe適樂膚,CeraVe 適樂膚
瑪恩吉M,瑪恩吉 MONGE,瑪恩吉 Monge
ALABEL,MACCHIA LABEL 瑪珂蕾貝,AQUA LABEL 水之印
tation,Play Station,喵愛餡 Temptations
明洞國際,Mdmmd 明洞國際,明洞國際
菲蘇德美,菲蘇德美,pHisoDerm 菲蘇德美
耐吉斯S,耐吉斯 SOLUTION,耐吉斯 Solution
森歐黎漾,森歐黎漾,森歐黎漾 Saholea
Nature,Nature Garden,Naturehike,紐崔克 NatureKE,Natures Care,Natures Organics,Natureby,自然物語 Nature Story,Nature Tree,Nature Republic
ustela,慕之恬廊 mustela,Mustela,Mustela 慕之恬廊
Mustela,Mustela,Mustela 慕之恬廊
普洛斯Prosi,普洛斯Prosi,普洛斯 Prosi
CHOICE,1ST CHOICE,PAULA'S CHOICE 寶拉珍選
PALMER'S,PALMER'S 帕瑪氏,帕瑪氏 PALMER'S
nature,Kirkland Signature 科克蘭,瑞威 Real nature,科克蘭 Kirkland Signature,cosnature 德國植萃
科克蘭Kirkland,科克蘭 Kirkland Signature,科克蘭 Kirkland
KirklandSignature,Kirkland Signature 科克蘭,科克蘭 Kirkland Signature
art+,Dr.Jart+,CSmart+
康WELL,好吉康 WELLCOME,寵物健康 WELLNESS
olution,JMsolution,耐吉斯 Solution,Makeup Revolution,Evolution
.C.S,R.O.C.S,R.O.C.S.,T.C.STAR
IRISOHYAMA,IRIS OHYAMA,愛麗思歐雅瑪 IRIS OHYAMA
AVALON,AVALON,AVALON ORGANICS
Natural,多納滋 Natural Pie,Natural D,Natural Balance,Natural Food,K9 Natural,Naturals by Watsons,Naturals,自然牧場 Natural Farm,純在 Natural Benefits,Natural balance,自然小貓 Natural Kitty,托斯卡 Tuscan Natural
Watsons,屈臣氏 Watsons,Naturals by Watsons,Collagen by Watsons,Watsons 屈臣氏,Arome by Watsons
byWatsons,Naturals by Watsons,Arome by Watsons,Collagen by Watsons
Naturals,Naturals by Watsons,Naturals
Roudye,Roudye 柔蝶,柔蝶 Roudye
怪獸部落,怪獸部落 LitoMon,怪獸部落
ERLAND,TIMBERLAND,詩蘭朵 SERLANDO
DERMAL,DERMAL,DERMAL 德瑪
School,Too Cool For School,精油大學 FaceSchool
台灣三洋,台灣三洋,台灣三洋 SANLUX
富及第F,富及第 Frigidaire,富及第 FRIGIDAIRE
EGERE蘭吉兒,LEGERE 蘭吉兒,L'EGERE 蘭吉兒
TheBodyShop,The Body Shop,美體小舖 The Body Shop,The Body Shop 美體小舖
EBEAUTY,PURE BEAUTY,LOVE BEAUTY AND PLANET
BEAUTY,MALIBU BEAUTY,BEAUTY CREDIT,PURE BEAUTY,LOVE BEAUTY AND PLANET
莉薇特麗,Revital 莉薇特麗,莉薇特麗
Esense,逸盛 Esense,酷涼 Esense
ubeaut,clé de peau beauté 肌膚之鑰,u beauty 澳洲依美油
Pigeon,貝親 Pigeon,Pigeon貝親
VITA艾,EVITA 艾薇塔,APIVITA 艾蜜塔
GIGABYTE,技嘉 GIGABYTE,GIGABYTE 技嘉
GrandmotherAgafia,阿加菲亞老奶奶 Grandmother Agafia,Grandmother Agafia 阿加菲亞老奶奶
Agafia,阿加菲亞老奶奶 Grandmother Agafia,Grandmother Agafia 阿加菲亞老奶奶,Agafia阿卡菲
日本獅王,日本獅王,LION Kirei-kirei 日本獅王趣淨
DIAMOND,BLUE DIAMOND,KISSDIAMOND,S+DIAMOND 鑽美姬
Cooler,酷碼 CoolerMaster,Cooler Master
Master,酷碼 CoolerMaster,Cooler Master,John Masters Organics
APIVITA,APIVITA,APIVITA 艾蜜塔
VICHY薇姿,VICHY薇姿,VICHY 薇姿
綠藤生機,綠藤生機 Greenvines,綠藤生機
博寶兒Probo,博寶兒 Probo,博寶兒Probo
Banana,Banana Boat 香蕉船,Baby Banana
ORGANIC,OUI ORGANIC 唯有機,AVALON ORGANICS,THE PUBLIC ORGANIC
ORGANI,OUI ORGANIC 唯有機,歐奇斯 ORGANIX,AVALON ORGANICS,THE PUBLIC ORGANIC
presso,Nespresso,L’uxpresso
Plantur,Plantur 39,Plantur 21
SPORTS,山司伯特 SAN SPORTS,曜越 Tt eSPORTS
Dr.藝群,Dr.藝群,Dr. 藝群
WONDER,旺德 WONDER,萬能媽媽 WONDER MAMA,WONDER TREND
荷蘭公主,荷蘭公主 PRINCESS,荷蘭公主
PureBeauty,Pink by Pure Beauty,Pure Beauty
enefit,純在 Natural Benefits,benefit 貝玲妃
Dr.M,統一Dr.Milker,Dr.May 美博士
ValentinoRudy,Valentino Rudy 范倫鐵諾,范倫鐵諾 Valentino Rudy
NaturalF,自然牧場 Natural Farm,Natural Food
ERBOLARIO,蕾莉歐 L’ERBOLARIO,L'ERBOLARIO 蕾莉歐
MASTER,COOLER MASTER,匠香 YEASTMASTER
Pelican,Pelican 沛麗康,沛麗康 Pelican
TAKUMI,TAKUMI,塔谷米 TAKUMI
NATURE,NATURE FACE,MOUSSENATURE 沐時光,FROM NATURE
Friend,百貓喜 Best Feline Friend,圖米其 Tu Meke Friend,B.Friend
NEO-TEC妮傲絲翠,NEO-TEC 妮傲絲翠,NEO-TEC妮傲絲翠
NEO-TEC,NEO-TEC 妮傲絲翠,NEO-TEC妮傲絲翠
Pharma,Green Pharmacy,PharmaACT
COFFEE,TRIBO COFFEE,KEY COFFEE
D-UP,‎D-UP,D-UP
CREATE,CREATE Dentfine,創離子 CREATE ION
Darlin,Darlin 妲己佳人,Darling
Revital,Revital,Revital 莉薇特麗
爵士貓吧,爵士貓吧,爵士貓吧 BBUY
福壽FUSO,福壽 FUSO Pets,福壽 FUSO
麗克特r,麗克特 récolte,麗克特 recolte
beauty,KS beauty,Lumina beauty care,u beauty 澳洲依美油,kaibeauty
Garden,Nature Garden,Amma Garden 艾瑪花園
Cosmetics,theBalm Cosmetics,First Cosmetics Works de第一化粧品,Bomb Cosmetics
Mother,Mother-K,鵝媽媽 Mother Goose
咖啡工作室,鮮烘咖啡工作室,臥龍咖啡工作室
NaturalB,Natural Balance,純在 Natural Benefits
he's,She's,she's
伊麗莎白雅頓,Elizabeth Arden 伊麗莎白雅頓,伊麗莎白雅頓
SanBenedetto,San Benedetto,聖碧濤 San Benedetto
-PLUS,G-PLUS,贏 IN-PLUS
瑞威Real,瑞威 Real Power,瑞威 Real nature
BYPHASSE,BYPHASSE 蓓昂斯,蓓昂斯 BYPHASSE
Beaute,ANGFA SCALP-D Beaute ANGFA 絲凱露D,CreerBeaute
興波咖啡,興波咖啡,興波咖啡 Simple Kaffa
德律風根,德律風根,德律風根 Telefunken
Blackmores澳佳寶,Blackmores澳佳寶,Blackmores 澳佳寶
Blackmores,Blackmores澳佳寶,Blackmores 澳佳寶
Blackmo,Blackmonster,Blackmores澳佳寶,Blackmores 澳佳寶
布朗博士,布朗博士,Dr. Bronner's 布朗博士
LUCIDO,LUCIDO 倫士度,倫士度 LUCIDO
Barrier,Real Barrier 沛麗膚,Barrier Repair
自然之綠,自然之綠,自然之綠 NATURAVERDE
JustHerb,JustHerb 香草集,香草集 JustHerb,JustHerb
cosmos,cosmos,brain cosmos
StriVectin,StriVectin 皺效奇蹟,StriVectin
vtcosmetics,vt cosmetics,vt cosmetics X BT21
rmonto,阿曼特 armonto,阿曼特 Armonto
SUPERMILD,SUPER MILD,詩波蜜柔 SUPER MILD
Kitchen,奇異廚房 Kiwi Kitchens,金美滿 Kitchenwell,KitchenAid,Kitchen Art
Starbucks,Starbucks,星巴克 Starbucks
Dr.Douxi朵璽,Dr.Douxi朵璽,Dr.Douxi 朵璽
Dr.Douxi,Dr.Douxi朵璽,Dr.Douxi 朵璽
台酒生技,TTL 台酒生技,台酒生技
Dr'sFormula,台塑生醫Dr's Formula,Dr's Formula 台塑生醫
綠野鮮食HealthExtension,綠野鮮食Health Extension,綠野鮮食 Health Extension
Health,綠野鮮食 Health Extension,Healthlead,綠野鮮食Health Extension,HealthLife,菲爾比 Health Philosophy
HealthExtension,綠野鮮食Health Extension,綠野鮮食 Health Extension
Balea芭樂雅,Balea 芭樂雅,Balea芭樂雅
Disney,Disney,迪士尼 Disney
THEFACESHOP菲詩小舖,THE FACE SHOP 菲詩小舖,THE FACE SHOP菲詩小舖
THEFACESHOP,THE FACE SHOP 菲詩小舖,THE FACE SHOP菲詩小舖
CANDLE,SCENTED CANDLE,YANKEE CANDLE
MIYOSHI,玉之肌 MIYOSHI,MIYOSHI
LOGONA,LOGONA 諾格那,諾格那 LOGONA
科技Ro,睿米科技 Roidmi,石頭科技 Roborock
自然癮食A,自然癮食 Addiction,自然癮食 ADDICTION
BFFECT,BFFECT,BFFECT 好肌膚精華研究室
NATURA,NATURAL10+,自然之綠 NATURAVERDE,NATURACTOR 娜拉兒,NATURAL LADY,NATURA SIBERICA,自然鮮 NATURAL FRESH
nfoThink,InfoThink,infoThink,鋼鐵人 InfoThink
德國百妮,BIONEO 德國百妮,德國百妮
維多利亞的秘密,維多利亞的秘密,Victoria's Secret 維多利亞的秘密
COSMET,COSMETEX ROLAND,JAYJUN COSMETIC
nibrew,royal unibrew,Royal Unibrew
Balzano,Balzano,義大利Balzano
Himalaya,Himalaya 喜馬拉雅,喜馬拉雅 Himalaya
IrisOhyama,Iris Ohyama,日本Iris Ohyama
illage,Pet village,魔法村 Pet Village
澳克騎士I,澳克騎士 IVORY COAT,澳克騎士 Ivory Coat
Burt'sBees,Burt's Bees 小蜜蜂爺爺,Burt's Bees
Kirkland,Kirkland Signature 科克蘭,科克蘭 Kirkland
amadana,One amadana,amadana,ONE amadana
Lumina,Lumina 露蜜,Lumina beauty care
未來實驗室F,未來實驗室 Future Lab.,未來實驗室 FUTURE LAB
FUTURE,未來實驗室 FUTURE LAB,BIOFUTURE 苾菲絲
未來實驗室,未來實驗室 FUTURE LAB,Future Lab 未來實驗室
Kneipp,Kneipp 克奈圃,克奈圃 Kneipp
喜樂寵宴,喜樂寵宴JOY FOOD,喜樂寵宴 Joy Food
Rocher,伊夫‧黎雪 Yves Rocher,YVES Rocher
Robert,Manetti Roberts,Robert Timms
R.O.C.S,R.O.C.S,R.O.C.S.
富力森F,富力森 FURIMORI,富力森 Furimori
VANICREAM,薇霓肌本 VANICREAM,VANICREAM 薇霓肌本
MUMCHIT,MUMCHIT默契,MUMCHIT
chatzutang,茶籽堂 cha tzu tang,cha tzu tang 茶籽堂
Keeffe,O'Keeffe's 歐肌膚,O’Keeffe’s 歐肌膚
PEZRI派翠,PEZRI 派翠,PEZRI派翠
菲特研FIRSTLAB,菲特研 FIRST LAB,菲特研FIRST LAB
FIRSTLAB,菲特研 FIRST LAB,菲特研FIRST LAB
Melvita,蜜葳特 Melvita,Melvita 蜜葳特
Dr.C,Dr.Ci:Labo 城野醫生,Dr.Choice
佐登妮絲,佐登妮絲,JOURDENESS 佐登妮絲
NATURAL,NATURAL LADY,NATURAL10+,自然鮮 NATURAL FRESH
羅蜜歐Rome,羅蜜歐 Romeo,羅蜜歐 Romel L
小蜜蜂爺爺,Burt's Bees 小蜜蜂爺爺,BURT'S BEES 小蜜蜂爺爺
It's,It's skin,伊思It's Skin
FutureLab,未來實驗室 Future Lab.,Future Lab 未來實驗室
Giaretti,珈樂堤 Giaretti,義大利Giaretti
全球寵物,全球寵物,全球寵物 GLOBAL PETS
hilosophy,菲爾比 Health Philosophy,philosophy 肌膚哲理
marflex,伊瑪 imarflex,伊瑪 Imarflex
ushiang,日象 zushiang,日象 Zushiang
choice,OK choice,Queens choice
貝貝實驗室,BABE 貝貝實驗室,貝貝實驗室
Secret,Secret Key,Victoria's Secret 維多利亞的秘密
贏IN-P,贏 IN-Plus,贏 IN-PLUS
GreenFinger,綠手指 Green Finger,Green Finger
EHOUSE,ONE HOUSE,ETUDE HOUSE
Sofnon,Sofnon 詩芙儂,詩芙儂 Sofnon
Lesnez,Les nez,Les nez 香鼻子
朵蔓朵蓮,朵蔓朵蓮 Dormindorcin,朵蔓朵蓮
Botanical,Botanical 1st,Botanical All-In-One
ARMANI,GIORGIO ARMANI,ARMANI 亞曼尼
Maison,Maison Belle 美生貝樂,Maison Louis Marie
Natures,Natures Organics,Natures Care
YANAGIYA,YANAGIYA 柳屋,柳屋 YANAGIYA
ANGFA絲凱露,ANGFA SCALP-D Beaute ANGFA 絲凱露D,ANGFA 絲凱露
Tilley,Tilley 皇家特莉,皇家特莉 Tilley,Tilley 百年特莉
艾克博士,艾克博士 Dr. Aik,艾克博士
博士Dr.,艾克博士 Dr. Aik,哈維博士 Dr.Harvey
en's,Sven's Island 詩帆島,Chen's Dim Sum
Superf,Superfood Lab,Superfiber
MAYCHEER,MAYCHEER,MAYCHEER 美茜兒
倍思特B,倍思特 Best,倍思特 BEST
alkmene,歐坷蔓 alkmene,alkmene 歐坷蔓
ellness,wellness+ 盛燦男士,Wellness
ection,Chrono Affection 時間寵愛,Yvonne Collection
ESPRIQUEPRECIOUS丰靡美姬,ESPRIQUE PRECIOUS丰靡美姬,ESPRIQUE PRECIOUS 丰靡美姬
ESPRIQUEPRECIOUS,ESPRIQUE PRECIOUS丰靡美姬,ESPRIQUE PRECIOUS 丰靡美姬
jirushi,桑名 Sanjirushi,象印 Zojirushi
Organi,Natures Organics,John Masters Organics,歐格妮亞 Organia
rganic,Natures Organics,Dr. organic 丹霓珂,John Masters Organics
asters,john masters organics,John Masters Organics
sOrganics,Natures Organics,John Masters Organics
InfoThink,InfoThink,鋼鐵人 InfoThink
eFriend,百貓喜 Best Feline Friend,圖米其 Tu Meke Friend
NOW娜奧,NOW 娜奧,NOW娜奧
PANROSE,潘柔 PANROSE,PANROSE 潘柔
Dr.Hauschka,德國世家 Dr. Hauschka,Dr. Hauschka 德國世家
organic,Dr. organic 丹霓珂,john masters organics
寵愛物語,寵愛物語 pet story,寵愛物語
G+居家,G+居家,G+ 居家
卡汶克萊,卡汶克萊,CARVIN KOLAI 卡汶克萊
Clare聖克萊爾,StClare 聖克萊爾,St.Clare 聖克萊爾
fe’s,O’Keeffe’s 歐肌膚,Lafe’s
equiet,be quiet,Be quiet
AUSLIFE,AUS LIFE 澳思萊,澳思萊 AUS LIFE
rganics,Natures Organics,john masters organics
volution,Evolution,Makeup Revolution
薰衣草森林,薰衣草森林,Lavender Cottage 薰衣草森林
Coffee,TCoffee,Drip Bag Coffee
llegrin,S.Pellegrino,Allegrini
Jonzac,Jonzac 森朵恩泉,Jonzac
美泰克M,美泰克 Maytag,美泰克 MAYTAG
CORSICA,CORSICA 科皙佳,CORSICA
山司伯特SAN,山司伯特 SAN SPORTS,山司伯特 SAN sports
GamARde,GamARde 珂瑪德,珂瑪德 GamARde
Neobio,麗柏有機 Neobio,Neobio 麗柏有機
